"DESCRIPTION","DURATION IN MS","NAME","PARENT SUITE","START TIME","STATUS","STOP TIME","SUB SUITE","SUITE","TEST CLASS","TEST METHOD"
"","6","Dates practise","","2026-07-29","skipped","2026-07-29","","Dates.spec.js","",""
"","5878","Table practise","","2026-07-29","failed","2026-07-29","","table.spec.js","",""
"","32822","dropdown practise","","2026-07-29","broken","2026-07-29","","Dropdowns.spec.js","",""
"","33021","Alerts practise","","2026-07-29","broken","2026-07-29","","Alerts.spec.js","",""
"","46621","Amazon test","","2026-07-29","broken","2026-07-29","","Amazonprices.spec.js","",""
"","31720","Form Fill","","2026-07-29","broken","2026-07-29","","Forms.spec.js","",""
"","33211","Fileupload practise","","2026-07-29","broken","2026-07-29","","Fileupload.spec.js","",""
"","32523","Newtab practise","","2026-07-29","broken","2026-07-29","","Newtab.spec.js","",""
"","6184","QA Playground","","2026-07-29","failed","2026-07-29","","QA_Playground.spec.js","",""
